,date,region,country,prediction_confirmed,prediction_deaths
0,2020-04-19,RU-ALT,RUS,67,0
1,2020-04-20,RU-ALT,RUS,72,0
2,2020-04-21,RU-ALT,RUS,78,0
3,2020-04-22,RU-ALT,RUS,83,0
4,2020-04-23,RU-ALT,RUS,86,0
5,2020-04-24,RU-ALT,RUS,92,0
6,2020-04-25,RU-ALT,RUS,97,0
7,2020-04-26,RU-ALT,RUS,100,0
8,2020-04-27,RU-ALT,RUS,103,0
9,2020-04-28,RU-ALT,RUS,109,0
10,2020-04-29,RU-ALT,RUS,113,0
11,2020-04-30,RU-ALT,RUS,114,0
12,2020-05-01,RU-ALT,RUS,117,0
13,2020-05-02,RU-ALT,RUS,121,0
14,2020-04-19,RU-AMU,RUS,14,0
15,2020-04-20,RU-AMU,RUS,15,0
16,2020-04-21,RU-AMU,RUS,16,0
17,2020-04-22,RU-AMU,RUS,19,0
18,2020-04-23,RU-AMU,RUS,22,0
19,2020-04-24,RU-AMU,RUS,24,0
20,2020-04-25,RU-AMU,RUS,26,0
21,2020-04-26,RU-AMU,RUS,28,0
22,2020-04-27,RU-AMU,RUS,31,0
23,2020-04-28,RU-AMU,RUS,34,0
24,2020-04-29,RU-AMU,RUS,38,0
25,2020-04-30,RU-AMU,RUS,41,0
26,2020-05-01,RU-AMU,RUS,45,0
27,2020-05-02,RU-AMU,RUS,48,0
28,2020-04-19,RU-ARK,RUS,44,0
29,2020-04-20,RU-ARK,RUS,46,0
30,2020-04-21,RU-ARK,RUS,49,0
31,2020-04-22,RU-ARK,RUS,53,0
32,2020-04-23,RU-ARK,RUS,56,0
33,2020-04-24,RU-ARK,RUS,59,0
34,2020-04-25,RU-ARK,RUS,62,0
35,2020-04-26,RU-ARK,RUS,65,0
36,2020-04-27,RU-ARK,RUS,68,0
37,2020-04-28,RU-ARK,RUS,73,0
38,2020-04-29,RU-ARK,RUS,77,0
39,2020-04-30,RU-ARK,RUS,80,0
40,2020-05-01,RU-ARK,RUS,83,0
41,2020-05-02,RU-ARK,RUS,87,0
42,2020-04-19,RU-AST,RUS,120,3
43,2020-04-20,RU-AST,RUS,149,4
44,2020-04-21,RU-AST,RUS,185,5
45,2020-04-22,RU-AST,RUS,228,6
46,2020-04-23,RU-AST,RUS,284,8
47,2020-04-24,RU-AST,RUS,351,9
48,2020-04-25,RU-AST,RUS,434,12
49,2020-04-26,RU-AST,RUS,537,15
50,2020-04-27,RU-AST,RUS,664,18
51,2020-04-28,RU-AST,RUS,821,23
52,2020-04-29,RU-AST,RUS,1016,29
53,2020-04-30,RU-AST,RUS,1256,35
54,2020-05-01,RU-AST,RUS,1550,44
55,2020-05-02,RU-AST,RUS,1915,55
56,2020-04-19,RU-BEL,RUS,104,2
57,2020-04-20,RU-BEL,RUS,125,2
58,2020-04-21,RU-BEL,RUS,148,3
59,2020-04-22,RU-BEL,RUS,177,3
60,2020-04-23,RU-BEL,RUS,209,4
61,2020-04-24,RU-BEL,RUS,246,5
62,2020-04-25,RU-BEL,RUS,290,6
63,2020-04-26,RU-BEL,RUS,340,7
64,2020-04-27,RU-BEL,RUS,399,9
65,2020-04-28,RU-BEL,RUS,467,11
66,2020-04-29,RU-BEL,RUS,544,13
67,2020-04-30,RU-BEL,RUS,632,15
68,2020-05-01,RU-BEL,RUS,731,18
69,2020-05-02,RU-BEL,RUS,843,21
70,2020-04-19,RU-BRY,RUS,277,0
71,2020-04-20,RU-BRY,RUS,290,1
72,2020-04-21,RU-BRY,RUS,302,1
73,2020-04-22,RU-BRY,RUS,311,1
74,2020-04-23,RU-BRY,RUS,319,1
75,2020-04-24,RU-BRY,RUS,326,2
76,2020-04-25,RU-BRY,RUS,330,2
77,2020-04-26,RU-BRY,RUS,333,2
78,2020-04-27,RU-BRY,RUS,336,2
79,2020-04-28,RU-BRY,RUS,338,3
80,2020-04-29,RU-BRY,RUS,340,3
81,2020-04-30,RU-BRY,RUS,342,4
82,2020-05-01,RU-BRY,RUS,343,4
83,2020-05-02,RU-BRY,RUS,343,4
84,2020-04-19,RU-VLA,RUS,240,6
85,2020-04-20,RU-VLA,RUS,263,9
86,2020-04-21,RU-VLA,RUS,284,10
87,2020-04-22,RU-VLA,RUS,301,11
88,2020-04-23,RU-VLA,RUS,315,13
89,2020-04-24,RU-VLA,RUS,327,17
90,2020-04-25,RU-VLA,RUS,338,18
91,2020-04-26,RU-VLA,RUS,347,19
92,2020-04-27,RU-VLA,RUS,355,22
93,2020-04-28,RU-VLA,RUS,360,25
94,2020-04-29,RU-VLA,RUS,365,26
95,2020-04-30,RU-VLA,RUS,369,27
96,2020-05-01,RU-VLA,RUS,374,29
97,2020-05-02,RU-VLA,RUS,377,31
98,2020-04-19,RU-VGG,RUS,84,0
99,2020-04-20,RU-VGG,RUS,95,0
100,2020-04-21,RU-VGG,RUS,104,0
101,2020-04-22,RU-VGG,RUS,113,0
102,2020-04-23,RU-VGG,RUS,122,0
103,2020-04-24,RU-VGG,RUS,134,1
104,2020-04-25,RU-VGG,RUS,147,1
105,2020-04-26,RU-VGG,RUS,156,1
106,2020-04-27,RU-VGG,RUS,168,1
107,2020-04-28,RU-VGG,RUS,181,1
108,2020-04-29,RU-VGG,RUS,195,1
109,2020-04-30,RU-VGG,RUS,208,2
110,2020-05-01,RU-VGG,RUS,220,2
111,2020-05-02,RU-VGG,RUS,234,2
112,2020-04-19,RU-VLG,RUS,90,0
113,2020-04-20,RU-VLG,RUS,95,0
114,2020-04-21,RU-VLG,RUS,101,0
115,2020-04-22,RU-VLG,RUS,106,0
116,2020-04-23,RU-VLG,RUS,111,0
117,2020-04-24,RU-VLG,RUS,115,0
118,2020-04-25,RU-VLG,RUS,118,0
119,2020-04-26,RU-VLG,RUS,122,0
120,2020-04-27,RU-VLG,RUS,126,0
121,2020-04-28,RU-VLG,RUS,129,0
122,2020-04-29,RU-VLG,RUS,132,0
123,2020-04-30,RU-VLG,RUS,134,0
124,2020-05-01,RU-VLG,RUS,136,0
125,2020-05-02,RU-VLG,RUS,138,0
126,2020-04-19,RU-VOR,RUS,146,2
127,2020-04-20,RU-VOR,RUS,165,2
128,2020-04-21,RU-VOR,RUS,187,3
129,2020-04-22,RU-VOR,RUS,213,3
130,2020-04-23,RU-VOR,RUS,242,4
131,2020-04-24,RU-VOR,RUS,275,5
132,2020-04-25,RU-VOR,RUS,312,5
133,2020-04-26,RU-VOR,RUS,355,6
134,2020-04-27,RU-VOR,RUS,401,7
135,2020-04-28,RU-VOR,RUS,455,8
136,2020-04-29,RU-VOR,RUS,516,9
137,2020-04-30,RU-VOR,RUS,585,11
138,2020-05-01,RU-VOR,RUS,662,12
139,2020-05-02,RU-VOR,RUS,750,14
140,2020-04-19,RU-YEV,RUS,20,0
141,2020-04-20,RU-YEV,RUS,23,0
142,2020-04-21,RU-YEV,RUS,26,0
143,2020-04-22,RU-YEV,RUS,30,0
144,2020-04-23,RU-YEV,RUS,34,0
145,2020-04-24,RU-YEV,RUS,39,0
146,2020-04-25,RU-YEV,RUS,44,0
147,2020-04-26,RU-YEV,RUS,50,0
148,2020-04-27,RU-YEV,RUS,57,0
149,2020-04-28,RU-YEV,RUS,64,0
150,2020-04-29,RU-YEV,RUS,73,0
151,2020-04-30,RU-YEV,RUS,83,0
152,2020-05-01,RU-YEV,RUS,94,0
153,2020-05-02,RU-YEV,RUS,107,0
154,2020-04-19,RU-ZAB,RUS,30,0
155,2020-04-20,RU-ZAB,RUS,34,0
156,2020-04-21,RU-ZAB,RUS,39,0
157,2020-04-22,RU-ZAB,RUS,44,0
158,2020-04-23,RU-ZAB,RUS,49,0
159,2020-04-24,RU-ZAB,RUS,57,0
160,2020-04-25,RU-ZAB,RUS,63,0
161,2020-04-26,RU-ZAB,RUS,72,0
162,2020-04-27,RU-ZAB,RUS,80,0
163,2020-04-28,RU-ZAB,RUS,89,0
164,2020-04-29,RU-ZAB,RUS,99,0
165,2020-04-30,RU-ZAB,RUS,111,0
166,2020-05-01,RU-ZAB,RUS,122,0
167,2020-05-02,RU-ZAB,RUS,136,0
168,2020-04-19,RU-IVA,RUS,189,0
169,2020-04-20,RU-IVA,RUS,207,0
170,2020-04-21,RU-IVA,RUS,225,0
171,2020-04-22,RU-IVA,RUS,243,0
172,2020-04-23,RU-IVA,RUS,262,0
173,2020-04-24,RU-IVA,RUS,280,1
174,2020-04-25,RU-IVA,RUS,298,1
175,2020-04-26,RU-IVA,RUS,318,1
176,2020-04-27,RU-IVA,RUS,336,1
177,2020-04-28,RU-IVA,RUS,354,1
178,2020-04-29,RU-IVA,RUS,372,1
179,2020-04-30,RU-IVA,RUS,387,2
180,2020-05-01,RU-IVA,RUS,404,2
181,2020-05-02,RU-IVA,RUS,421,2
182,2020-04-19,RU-IRK,RUS,71,4
183,2020-04-20,RU-IRK,RUS,82,4
184,2020-04-21,RU-IRK,RUS,95,4
185,2020-04-22,RU-IRK,RUS,108,6
186,2020-04-23,RU-IRK,RUS,124,7
187,2020-04-24,RU-IRK,RUS,140,6
188,2020-04-25,RU-IRK,RUS,159,8
189,2020-04-26,RU-IRK,RUS,179,11
190,2020-04-27,RU-IRK,RUS,201,10
191,2020-04-28,RU-IRK,RUS,225,12
192,2020-04-29,RU-IRK,RUS,252,15
193,2020-04-30,RU-IRK,RUS,280,16
194,2020-05-01,RU-IRK,RUS,312,17
195,2020-05-02,RU-IRK,RUS,345,20
196,2020-04-19,RU-KB,RUS,114,0
197,2020-04-20,RU-KB,RUS,131,0
198,2020-04-21,RU-KB,RUS,150,0
199,2020-04-22,RU-KB,RUS,172,0
200,2020-04-23,RU-KB,RUS,197,0
201,2020-04-24,RU-KB,RUS,225,0
202,2020-04-25,RU-KB,RUS,257,0
203,2020-04-26,RU-KB,RUS,293,0
204,2020-04-27,RU-KB,RUS,334,0
205,2020-04-28,RU-KB,RUS,382,0
206,2020-04-29,RU-KB,RUS,436,0
207,2020-04-30,RU-KB,RUS,499,0
208,2020-05-01,RU-KB,RUS,569,0
209,2020-05-02,RU-KB,RUS,648,0
210,2020-04-19,RU-KGD,RUS,133,1
211,2020-04-20,RU-KGD,RUS,145,1
212,2020-04-21,RU-KGD,RUS,157,1
213,2020-04-22,RU-KGD,RUS,170,1
214,2020-04-23,RU-KGD,RUS,185,2
215,2020-04-24,RU-KGD,RUS,200,2
216,2020-04-25,RU-KGD,RUS,216,2
217,2020-04-26,RU-KGD,RUS,233,2
218,2020-04-27,RU-KGD,RUS,251,3
219,2020-04-28,RU-KGD,RUS,270,3
220,2020-04-29,RU-KGD,RUS,289,3
221,2020-04-30,RU-KGD,RUS,310,4
222,2020-05-01,RU-KGD,RUS,331,4
223,2020-05-02,RU-KGD,RUS,354,5
224,2020-04-19,RU-KLU,RUS,152,1
225,2020-04-20,RU-KLU,RUS,181,1
226,2020-04-21,RU-KLU,RUS,215,2
227,2020-04-22,RU-KLU,RUS,255,2
228,2020-04-23,RU-KLU,RUS,303,3
229,2020-04-24,RU-KLU,RUS,359,3
230,2020-04-25,RU-KLU,RUS,427,4
231,2020-04-26,RU-KLU,RUS,506,5
232,2020-04-27,RU-KLU,RUS,599,6
233,2020-04-28,RU-KLU,RUS,710,7
234,2020-04-29,RU-KLU,RUS,841,8
235,2020-04-30,RU-KLU,RUS,997,10
236,2020-05-01,RU-KLU,RUS,1180,12
237,2020-05-02,RU-KLU,RUS,1396,14
238,2020-04-19,RU-KAM,RUS,39,0
239,2020-04-20,RU-KAM,RUS,47,0
240,2020-04-21,RU-KAM,RUS,58,0
241,2020-04-22,RU-KAM,RUS,71,0
242,2020-04-23,RU-KAM,RUS,86,0
243,2020-04-24,RU-KAM,RUS,106,0
244,2020-04-25,RU-KAM,RUS,128,0
245,2020-04-26,RU-KAM,RUS,154,0
246,2020-04-27,RU-KAM,RUS,186,0
247,2020-04-28,RU-KAM,RUS,223,0
248,2020-04-29,RU-KAM,RUS,267,0
249,2020-04-30,RU-KAM,RUS,319,0
250,2020-05-01,RU-KAM,RUS,379,0
251,2020-05-02,RU-KAM,RUS,449,0
252,2020-04-19,RU-KC,RUS,67,0
253,2020-04-20,RU-KC,RUS,85,0
254,2020-04-21,RU-KC,RUS,108,0
255,2020-04-22,RU-KC,RUS,136,0
256,2020-04-23,RU-KC,RUS,171,0
257,2020-04-24,RU-KC,RUS,215,0
258,2020-04-25,RU-KC,RUS,270,0
259,2020-04-26,RU-KC,RUS,339,0
260,2020-04-27,RU-KC,RUS,425,0
261,2020-04-28,RU-KC,RUS,533,0
262,2020-04-29,RU-KC,RUS,667,0
263,2020-04-30,RU-KC,RUS,835,0
264,2020-05-01,RU-KC,RUS,1046,0
265,2020-05-02,RU-KC,RUS,1308,0
266,2020-04-19,RU-KEM,RUS,26,1
267,2020-04-20,RU-KEM,RUS,29,1
268,2020-04-21,RU-KEM,RUS,32,0
269,2020-04-22,RU-KEM,RUS,37,0
270,2020-04-23,RU-KEM,RUS,41,0
271,2020-04-24,RU-KEM,RUS,45,0
272,2020-04-25,RU-KEM,RUS,50,0
273,2020-04-26,RU-KEM,RUS,56,1
274,2020-04-27,RU-KEM,RUS,62,2
275,2020-04-28,RU-KEM,RUS,68,3
276,2020-04-29,RU-KEM,RUS,76,3
277,2020-04-30,RU-KEM,RUS,84,2
278,2020-05-01,RU-KEM,RUS,94,1
279,2020-05-02,RU-KEM,RUS,104,0
280,2020-04-19,RU-KIR,RUS,112,1
281,2020-04-20,RU-KIR,RUS,124,1
282,2020-04-21,RU-KIR,RUS,138,1
283,2020-04-22,RU-KIR,RUS,154,1
284,2020-04-23,RU-KIR,RUS,172,2
285,2020-04-24,RU-KIR,RUS,193,2
286,2020-04-25,RU-KIR,RUS,216,2
287,2020-04-26,RU-KIR,RUS,240,3
288,2020-04-27,RU-KIR,RUS,267,3
289,2020-04-28,RU-KIR,RUS,297,4
290,2020-04-29,RU-KIR,RUS,331,4
291,2020-04-30,RU-KIR,RUS,368,5
292,2020-05-01,RU-KIR,RUS,410,5
293,2020-05-02,RU-KIR,RUS,456,6
294,2020-04-19,RU-KOS,RUS,58,3
295,2020-04-20,RU-KOS,RUS,66,4
296,2020-04-21,RU-KOS,RUS,77,3
297,2020-04-22,RU-KOS,RUS,87,4
298,2020-04-23,RU-KOS,RUS,99,6
299,2020-04-24,RU-KOS,RUS,113,6
300,2020-04-25,RU-KOS,RUS,128,7
301,2020-04-26,RU-KOS,RUS,144,9
302,2020-04-27,RU-KOS,RUS,162,10
303,2020-04-28,RU-KOS,RUS,182,11
304,2020-04-29,RU-KOS,RUS,203,13
305,2020-04-30,RU-KOS,RUS,226,14
306,2020-05-01,RU-KOS,RUS,253,16
307,2020-05-02,RU-KOS,RUS,280,18
308,2020-04-19,RU-KDA,RUS,395,5
309,2020-04-20,RU-KDA,RUS,444,5
310,2020-04-21,RU-KDA,RUS,499,6
311,2020-04-22,RU-KDA,RUS,557,7
312,2020-04-23,RU-KDA,RUS,621,8
313,2020-04-24,RU-KDA,RUS,691,9
314,2020-04-25,RU-KDA,RUS,768,10
315,2020-04-26,RU-KDA,RUS,852,11
316,2020-04-27,RU-KDA,RUS,942,13
317,2020-04-28,RU-KDA,RUS,1040,15
318,2020-04-29,RU-KDA,RUS,1147,16
319,2020-04-30,RU-KDA,RUS,1264,18
320,2020-05-01,RU-KDA,RUS,1389,20
321,2020-05-02,RU-KDA,RUS,1524,23
322,2020-04-19,RU-KYA,RUS,316,0
323,2020-04-20,RU-KYA,RUS,372,0
324,2020-04-21,RU-KYA,RUS,435,0
325,2020-04-22,RU-KYA,RUS,507,0
326,2020-04-23,RU-KYA,RUS,591,0
327,2020-04-24,RU-KYA,RUS,689,0
328,2020-04-25,RU-KYA,RUS,801,0
329,2020-04-26,RU-KYA,RUS,930,0
330,2020-04-27,RU-KYA,RUS,1076,0
331,2020-04-28,RU-KYA,RUS,1243,0
332,2020-04-29,RU-KYA,RUS,1432,0
333,2020-04-30,RU-KYA,RUS,1647,0
334,2020-05-01,RU-KYA,RUS,1889,0
335,2020-05-02,RU-KYA,RUS,2162,0
336,2020-04-19,RU-KGN,RUS,11,0
337,2020-04-20,RU-KGN,RUS,12,0
338,2020-04-21,RU-KGN,RUS,13,0
339,2020-04-22,RU-KGN,RUS,15,0
340,2020-04-23,RU-KGN,RUS,16,0
341,2020-04-24,RU-KGN,RUS,19,0
342,2020-04-25,RU-KGN,RUS,20,0
343,2020-04-26,RU-KGN,RUS,22,0
344,2020-04-27,RU-KGN,RUS,24,0
345,2020-04-28,RU-KGN,RUS,26,0
346,2020-04-29,RU-KGN,RUS,28,0
347,2020-04-30,RU-KGN,RUS,30,0
348,2020-05-01,RU-KGN,RUS,32,0
349,2020-05-02,RU-KGN,RUS,36,0
350,2020-04-19,RU-KRS,RUS,236,2
351,2020-04-20,RU-KRS,RUS,299,3
352,2020-04-21,RU-KRS,RUS,380,3
353,2020-04-22,RU-KRS,RUS,483,5
354,2020-04-23,RU-KRS,RUS,615,6
355,2020-04-24,RU-KRS,RUS,783,8
356,2020-04-25,RU-KRS,RUS,994,10
357,2020-04-26,RU-KRS,RUS,1262,13
358,2020-04-27,RU-KRS,RUS,1603,17
359,2020-04-28,RU-KRS,RUS,2038,21
360,2020-04-29,RU-KRS,RUS,2589,27
361,2020-04-30,RU-KRS,RUS,3286,35
362,2020-05-01,RU-KRS,RUS,4167,45
363,2020-05-02,RU-KRS,RUS,5285,57
364,2020-04-19,RU-LEN,RUS,472,0
365,2020-04-20,RU-LEN,RUS,538,0
366,2020-04-21,RU-LEN,RUS,608,0
367,2020-04-22,RU-LEN,RUS,682,0
368,2020-04-23,RU-LEN,RUS,767,0
369,2020-04-24,RU-LEN,RUS,857,0
370,2020-04-25,RU-LEN,RUS,954,0
371,2020-04-26,RU-LEN,RUS,1060,0
372,2020-04-27,RU-LEN,RUS,1172,0
373,2020-04-28,RU-LEN,RUS,1293,0
374,2020-04-29,RU-LEN,RUS,1422,0
375,2020-04-30,RU-LEN,RUS,1559,0
376,2020-05-01,RU-LEN,RUS,1702,0
377,2020-05-02,RU-LEN,RUS,1857,0
378,2020-04-19,RU-LIP,RUS,146,0
379,2020-04-20,RU-LIP,RUS,162,0
380,2020-04-21,RU-LIP,RUS,180,0
381,2020-04-22,RU-LIP,RUS,200,0
382,2020-04-23,RU-LIP,RUS,221,0
383,2020-04-24,RU-LIP,RUS,244,0
384,2020-04-25,RU-LIP,RUS,270,0
385,2020-04-26,RU-LIP,RUS,296,0
386,2020-04-27,RU-LIP,RUS,325,0
387,2020-04-28,RU-LIP,RUS,356,0
388,2020-04-29,RU-LIP,RUS,390,0
389,2020-04-30,RU-LIP,RUS,426,0
390,2020-05-01,RU-LIP,RUS,464,0
391,2020-05-02,RU-LIP,RUS,505,0
392,2020-04-19,RU-MAG,RUS,28,0
393,2020-04-20,RU-MAG,RUS,33,0
394,2020-04-21,RU-MAG,RUS,40,0
395,2020-04-22,RU-MAG,RUS,47,0
396,2020-04-23,RU-MAG,RUS,57,0
397,2020-04-24,RU-MAG,RUS,68,0
398,2020-04-25,RU-MAG,RUS,81,0
399,2020-04-26,RU-MAG,RUS,97,0
400,2020-04-27,RU-MAG,RUS,115,0
401,2020-04-28,RU-MAG,RUS,137,0
402,2020-04-29,RU-MAG,RUS,165,0
403,2020-04-30,RU-MAG,RUS,196,0
404,2020-05-01,RU-MAG,RUS,234,0
405,2020-05-02,RU-MAG,RUS,278,0
406,2020-04-19,RU-MOW,RUS,24223,166
407,2020-04-20,RU-MOW,RUS,26926,187
408,2020-04-21,RU-MOW,RUS,29830,210
409,2020-04-22,RU-MOW,RUS,32969,235
410,2020-04-23,RU-MOW,RUS,36364,261
411,2020-04-24,RU-MOW,RUS,39992,291
412,2020-04-25,RU-MOW,RUS,43875,323
413,2020-04-26,RU-MOW,RUS,48039,357
414,2020-04-27,RU-MOW,RUS,52461,394
415,2020-04-28,RU-MOW,RUS,57155,434
416,2020-04-29,RU-MOW,RUS,62147,476
417,2020-04-30,RU-MOW,RUS,67418,522
418,2020-05-01,RU-MOW,RUS,72966,571
419,2020-05-02,RU-MOW,RUS,78820,622
420,2020-04-19,RU-MOS,RUS,5059,56
421,2020-04-20,RU-MOS,RUS,6003,66
422,2020-04-21,RU-MOS,RUS,7125,73
423,2020-04-22,RU-MOS,RUS,8442,93
424,2020-04-23,RU-MOS,RUS,10002,110
425,2020-04-24,RU-MOS,RUS,11844,126
426,2020-04-25,RU-MOS,RUS,14006,156
427,2020-04-26,RU-MOS,RUS,16552,183
428,2020-04-27,RU-MOS,RUS,19541,212
429,2020-04-28,RU-MOS,RUS,23027,258
430,2020-04-29,RU-MOS,RUS,27097,303
431,2020-04-30,RU-MOS,RUS,31825,353
432,2020-05-01,RU-MOS,RUS,37280,424
433,2020-05-02,RU-MOS,RUS,43562,497
434,2020-04-19,RU-MUR,RUS,420,2
435,2020-04-20,RU-MUR,RUS,471,2
436,2020-04-21,RU-MUR,RUS,517,3
437,2020-04-22,RU-MUR,RUS,558,4
438,2020-04-23,RU-MUR,RUS,594,4
439,2020-04-24,RU-MUR,RUS,624,5
440,2020-04-25,RU-MUR,RUS,648,6
441,2020-04-26,RU-MUR,RUS,668,7
442,2020-04-27,RU-MUR,RUS,684,7
443,2020-04-28,RU-MUR,RUS,696,8
444,2020-04-29,RU-MUR,RUS,707,9
445,2020-04-30,RU-MUR,RUS,714,10
446,2020-05-01,RU-MUR,RUS,720,10
447,2020-05-02,RU-MUR,RUS,725,11
448,2020-04-19,RU-NIZ,RUS,661,5
449,2020-04-20,RU-NIZ,RUS,780,6
450,2020-04-21,RU-NIZ,RUS,920,8
451,2020-04-22,RU-NIZ,RUS,1083,9
452,2020-04-23,RU-NIZ,RUS,1274,11
453,2020-04-24,RU-NIZ,RUS,1495,13
454,2020-04-25,RU-NIZ,RUS,1749,16
455,2020-04-26,RU-NIZ,RUS,2040,19
456,2020-04-27,RU-NIZ,RUS,2378,23
457,2020-04-28,RU-NIZ,RUS,2766,27
458,2020-04-29,RU-NIZ,RUS,3210,32
459,2020-04-30,RU-NIZ,RUS,3715,38
460,2020-05-01,RU-NIZ,RUS,4283,45
461,2020-05-02,RU-NIZ,RUS,4924,53
462,2020-04-19,RU-NGR,RUS,87,0
463,2020-04-20,RU-NGR,RUS,104,0
464,2020-04-21,RU-NGR,RUS,125,0
465,2020-04-22,RU-NGR,RUS,149,0
466,2020-04-23,RU-NGR,RUS,179,1
467,2020-04-24,RU-NGR,RUS,213,1
468,2020-04-25,RU-NGR,RUS,254,1
469,2020-04-26,RU-NGR,RUS,303,2
470,2020-04-27,RU-NGR,RUS,362,2
471,2020-04-28,RU-NGR,RUS,431,2
472,2020-04-29,RU-NGR,RUS,515,3
473,2020-04-30,RU-NGR,RUS,612,4
474,2020-05-01,RU-NGR,RUS,728,4
475,2020-05-02,RU-NGR,RUS,864,5
476,2020-04-19,RU-NVS,RUS,93,1
477,2020-04-20,RU-NVS,RUS,106,1
478,2020-04-21,RU-NVS,RUS,119,2
479,2020-04-22,RU-NVS,RUS,134,2
480,2020-04-23,RU-NVS,RUS,152,2
481,2020-04-24,RU-NVS,RUS,172,3
482,2020-04-25,RU-NVS,RUS,195,3
483,2020-04-26,RU-NVS,RUS,222,4
484,2020-04-27,RU-NVS,RUS,252,4
485,2020-04-28,RU-NVS,RUS,286,5
486,2020-04-29,RU-NVS,RUS,324,5
487,2020-04-30,RU-NVS,RUS,366,6
488,2020-05-01,RU-NVS,RUS,413,7
489,2020-05-02,RU-NVS,RUS,466,8
490,2020-04-19,RU-OMS,RUS,31,0
491,2020-04-20,RU-OMS,RUS,31,0
492,2020-04-21,RU-OMS,RUS,32,0
493,2020-04-22,RU-OMS,RUS,34,0
494,2020-04-23,RU-OMS,RUS,37,0
495,2020-04-24,RU-OMS,RUS,39,0
496,2020-04-25,RU-OMS,RUS,39,0
497,2020-04-26,RU-OMS,RUS,40,0
498,2020-04-27,RU-OMS,RUS,40,0
499,2020-04-28,RU-OMS,RUS,42,0
500,2020-04-29,RU-OMS,RUS,43,0
501,2020-04-30,RU-OMS,RUS,44,0
502,2020-05-01,RU-OMS,RUS,45,0
503,2020-05-02,RU-OMS,RUS,45,0
504,2020-04-19,RU-ORE,RUS,136,2
505,2020-04-20,RU-ORE,RUS,155,3
506,2020-04-21,RU-ORE,RUS,178,3
507,2020-04-22,RU-ORE,RUS,204,4
508,2020-04-23,RU-ORE,RUS,235,4
509,2020-04-24,RU-ORE,RUS,270,5
510,2020-04-25,RU-ORE,RUS,309,6
511,2020-04-26,RU-ORE,RUS,354,7
512,2020-04-27,RU-ORE,RUS,404,8
513,2020-04-28,RU-ORE,RUS,462,9
514,2020-04-29,RU-ORE,RUS,527,11
515,2020-04-30,RU-ORE,RUS,601,12
516,2020-05-01,RU-ORE,RUS,684,14
517,2020-05-02,RU-ORE,RUS,778,16
518,2020-04-19,RU-ORL,RUS,118,0
519,2020-04-20,RU-ORL,RUS,139,0
520,2020-04-21,RU-ORL,RUS,165,0
521,2020-04-22,RU-ORL,RUS,193,0
522,2020-04-23,RU-ORL,RUS,227,1
523,2020-04-24,RU-ORL,RUS,268,1
524,2020-04-25,RU-ORL,RUS,314,1
525,2020-04-26,RU-ORL,RUS,371,1
526,2020-04-27,RU-ORL,RUS,435,2
527,2020-04-28,RU-ORL,RUS,510,2
528,2020-04-29,RU-ORL,RUS,599,2
529,2020-04-30,RU-ORL,RUS,702,3
530,2020-05-01,RU-ORL,RUS,824,4
531,2020-05-02,RU-ORL,RUS,965,4
532,2020-04-19,RU-PNZ,RUS,147,2
533,2020-04-20,RU-PNZ,RUS,157,2
534,2020-04-21,RU-PNZ,RUS,169,2
535,2020-04-22,RU-PNZ,RUS,178,3
536,2020-04-23,RU-PNZ,RUS,188,3
537,2020-04-24,RU-PNZ,RUS,198,3
538,2020-04-25,RU-PNZ,RUS,206,3
539,2020-04-26,RU-PNZ,RUS,216,4
540,2020-04-27,RU-PNZ,RUS,225,4
541,2020-04-28,RU-PNZ,RUS,233,4
542,2020-04-29,RU-PNZ,RUS,241,4
543,2020-04-30,RU-PNZ,RUS,249,4
544,2020-05-01,RU-PNZ,RUS,256,5
545,2020-05-02,RU-PNZ,RUS,263,5
546,2020-04-19,RU-PER,RUS,188,5
547,2020-04-20,RU-PER,RUS,216,7
548,2020-04-21,RU-PER,RUS,250,8
549,2020-04-22,RU-PER,RUS,289,8
550,2020-04-23,RU-PER,RUS,333,9
551,2020-04-24,RU-PER,RUS,384,11
552,2020-04-25,RU-PER,RUS,443,13
553,2020-04-26,RU-PER,RUS,509,16
554,2020-04-27,RU-PER,RUS,587,19
555,2020-04-28,RU-PER,RUS,675,21
556,2020-04-29,RU-PER,RUS,775,24
557,2020-04-30,RU-PER,RUS,891,28
558,2020-05-01,RU-PER,RUS,1020,33
559,2020-05-02,RU-PER,RUS,1169,38
560,2020-04-19,RU-PRI,RUS,62,3
561,2020-04-20,RU-PRI,RUS,69,3
562,2020-04-21,RU-PRI,RUS,77,3
563,2020-04-22,RU-PRI,RUS,84,4
564,2020-04-23,RU-PRI,RUS,93,4
565,2020-04-24,RU-PRI,RUS,101,5
566,2020-04-25,RU-PRI,RUS,112,6
567,2020-04-26,RU-PRI,RUS,121,6
568,2020-04-27,RU-PRI,RUS,132,7
569,2020-04-28,RU-PRI,RUS,144,8
570,2020-04-29,RU-PRI,RUS,157,9
571,2020-04-30,RU-PRI,RUS,170,10
572,2020-05-01,RU-PRI,RUS,185,11
573,2020-05-02,RU-PRI,RUS,200,12
574,2020-04-19,RU-PSK,RUS,41,5
575,2020-04-20,RU-PSK,RUS,44,5
576,2020-04-21,RU-PSK,RUS,47,6
577,2020-04-22,RU-PSK,RUS,50,6
578,2020-04-23,RU-PSK,RUS,55,7
579,2020-04-24,RU-PSK,RUS,58,8
580,2020-04-25,RU-PSK,RUS,62,8
581,2020-04-26,RU-PSK,RUS,65,8
582,2020-04-27,RU-PSK,RUS,69,8
583,2020-04-28,RU-PSK,RUS,74,10
584,2020-04-29,RU-PSK,RUS,78,10
585,2020-04-30,RU-PSK,RUS,82,11
586,2020-05-01,RU-PSK,RUS,87,12
587,2020-05-02,RU-PSK,RUS,92,12
588,2020-04-19,RU-AD,RUS,101,1
589,2020-04-20,RU-AD,RUS,124,2
590,2020-04-21,RU-AD,RUS,151,2
591,2020-04-22,RU-AD,RUS,185,3
592,2020-04-23,RU-AD,RUS,225,4
593,2020-04-24,RU-AD,RUS,274,5
594,2020-04-25,RU-AD,RUS,334,6
595,2020-04-26,RU-AD,RUS,409,7
596,2020-04-27,RU-AD,RUS,498,9
597,2020-04-28,RU-AD,RUS,605,11
598,2020-04-29,RU-AD,RUS,736,14
599,2020-04-30,RU-AD,RUS,897,17
600,2020-05-01,RU-AD,RUS,1090,21
601,2020-05-02,RU-AD,RUS,1323,25
602,2020-04-19,RU-BA,RUS,302,7
603,2020-04-20,RU-BA,RUS,358,9
604,2020-04-21,RU-BA,RUS,422,10
605,2020-04-22,RU-BA,RUS,501,12
606,2020-04-23,RU-BA,RUS,594,15
607,2020-04-24,RU-BA,RUS,705,18
608,2020-04-25,RU-BA,RUS,838,21
609,2020-04-26,RU-BA,RUS,994,25
610,2020-04-27,RU-BA,RUS,1175,30
611,2020-04-28,RU-BA,RUS,1390,36
612,2020-04-29,RU-BA,RUS,1646,42
613,2020-04-30,RU-BA,RUS,1949,50
614,2020-05-01,RU-BA,RUS,2306,60
615,2020-05-02,RU-BA,RUS,2725,71
616,2020-04-19,RU-BU,RUS,118,2
617,2020-04-20,RU-BU,RUS,124,2
618,2020-04-21,RU-BU,RUS,127,2
619,2020-04-22,RU-BU,RUS,130,2
620,2020-04-23,RU-BU,RUS,133,2
621,2020-04-24,RU-BU,RUS,136,2
622,2020-04-25,RU-BU,RUS,137,3
623,2020-04-26,RU-BU,RUS,140,3
624,2020-04-27,RU-BU,RUS,143,3
625,2020-04-28,RU-BU,RUS,144,3
626,2020-04-29,RU-BU,RUS,145,3
627,2020-04-30,RU-BU,RUS,147,3
628,2020-05-01,RU-BU,RUS,147,3
629,2020-05-02,RU-BU,RUS,148,3
630,2020-04-19,RU-DA,RUS,284,8
631,2020-04-20,RU-DA,RUS,309,10
632,2020-04-21,RU-DA,RUS,333,12
633,2020-04-22,RU-DA,RUS,356,14
634,2020-04-23,RU-DA,RUS,375,17
635,2020-04-24,RU-DA,RUS,391,19
636,2020-04-25,RU-DA,RUS,404,22
637,2020-04-26,RU-DA,RUS,417,26
638,2020-04-27,RU-DA,RUS,427,29
639,2020-04-28,RU-DA,RUS,435,32
640,2020-04-29,RU-DA,RUS,442,36
641,2020-04-30,RU-DA,RUS,448,39
642,2020-05-01,RU-DA,RUS,452,43
643,2020-05-02,RU-DA,RUS,455,46
644,2020-04-19,RU-IN,RUS,290,4
645,2020-04-20,RU-IN,RUS,360,6
646,2020-04-21,RU-IN,RUS,440,8
647,2020-04-22,RU-IN,RUS,533,10
648,2020-04-23,RU-IN,RUS,637,13
649,2020-04-24,RU-IN,RUS,752,16
650,2020-04-25,RU-IN,RUS,878,20
651,2020-04-26,RU-IN,RUS,1017,25
652,2020-04-27,RU-IN,RUS,1167,30
653,2020-04-28,RU-IN,RUS,1327,36
654,2020-04-29,RU-IN,RUS,1495,42
655,2020-04-30,RU-IN,RUS,1673,49
656,2020-05-01,RU-IN,RUS,1858,57
657,2020-05-02,RU-IN,RUS,2048,66
658,2020-04-19,RU-KL,RUS,67,3
659,2020-04-20,RU-KL,RUS,73,3
660,2020-04-21,RU-KL,RUS,77,4
661,2020-04-22,RU-KL,RUS,80,4
662,2020-04-23,RU-KL,RUS,84,5
663,2020-04-24,RU-KL,RUS,87,6
664,2020-04-25,RU-KL,RUS,90,7
665,2020-04-26,RU-KL,RUS,93,7
666,2020-04-27,RU-KL,RUS,95,8
667,2020-04-28,RU-KL,RUS,97,9
668,2020-04-29,RU-KL,RUS,98,10
669,2020-04-30,RU-KL,RUS,100,10
670,2020-05-01,RU-KL,RUS,101,11
671,2020-05-02,RU-KL,RUS,101,12
672,2020-04-19,RU-KR,RUS,13,0
673,2020-04-20,RU-KR,RUS,15,0
674,2020-04-21,RU-KR,RUS,19,0
675,2020-04-22,RU-KR,RUS,22,0
676,2020-04-23,RU-KR,RUS,25,0
677,2020-04-24,RU-KR,RUS,30,0
678,2020-04-25,RU-KR,RUS,36,0
679,2020-04-26,RU-KR,RUS,42,0
680,2020-04-27,RU-KR,RUS,48,0
681,2020-04-28,RU-KR,RUS,57,0
682,2020-04-29,RU-KR,RUS,65,0
683,2020-04-30,RU-KR,RUS,77,0
684,2020-05-01,RU-KR,RUS,90,0
685,2020-05-02,RU-KR,RUS,104,0
686,2020-04-19,RU-KO,RUS,478,4
687,2020-04-20,RU-KO,RUS,503,4
688,2020-04-21,RU-KO,RUS,528,5
689,2020-04-22,RU-KO,RUS,552,5
690,2020-04-23,RU-KO,RUS,573,5
691,2020-04-24,RU-KO,RUS,593,6
692,2020-04-25,RU-KO,RUS,612,6
693,2020-04-26,RU-KO,RUS,629,6
694,2020-04-27,RU-KO,RUS,645,6
695,2020-04-28,RU-KO,RUS,660,7
696,2020-04-29,RU-KO,RUS,673,7
697,2020-04-30,RU-KO,RUS,685,7
698,2020-05-01,RU-KO,RUS,696,7
699,2020-05-02,RU-KO,RUS,705,8
700,2020-04-19,UA-43,RUS,44,0
701,2020-04-20,UA-43,RUS,45,0
702,2020-04-21,UA-43,RUS,47,0
703,2020-04-22,UA-43,RUS,49,0
704,2020-04-23,UA-43,RUS,51,0
705,2020-04-24,UA-43,RUS,53,0
706,2020-04-25,UA-43,RUS,54,0
707,2020-04-26,UA-43,RUS,55,0
708,2020-04-27,UA-43,RUS,56,0
709,2020-04-28,UA-43,RUS,58,0
710,2020-04-29,UA-43,RUS,60,0
711,2020-04-30,UA-43,RUS,62,0
712,2020-05-01,UA-43,RUS,63,0
713,2020-05-02,UA-43,RUS,64,0
714,2020-04-19,RU-ME,RUS,267,1
715,2020-04-20,RU-ME,RUS,314,1
716,2020-04-21,RU-ME,RUS,369,2
717,2020-04-22,RU-ME,RUS,432,2
718,2020-04-23,RU-ME,RUS,503,3
719,2020-04-24,RU-ME,RUS,583,3
720,2020-04-25,RU-ME,RUS,672,4
721,2020-04-26,RU-ME,RUS,772,5
722,2020-04-27,RU-ME,RUS,881,6
723,2020-04-28,RU-ME,RUS,1002,7
724,2020-04-29,RU-ME,RUS,1137,8
725,2020-04-30,RU-ME,RUS,1281,9
726,2020-05-01,RU-ME,RUS,1440,10
727,2020-05-02,RU-ME,RUS,1612,11
728,2020-04-19,RU-MO,RUS,191,1
729,2020-04-20,RU-MO,RUS,234,1
730,2020-04-21,RU-MO,RUS,284,1
731,2020-04-22,RU-MO,RUS,346,2
732,2020-04-23,RU-MO,RUS,421,2
733,2020-04-24,RU-MO,RUS,513,3
734,2020-04-25,RU-MO,RUS,624,3
735,2020-04-26,RU-MO,RUS,758,4
736,2020-04-27,RU-MO,RUS,923,5
737,2020-04-28,RU-MO,RUS,1122,6
738,2020-04-29,RU-MO,RUS,1364,8
739,2020-04-30,RU-MO,RUS,1656,10
740,2020-05-01,RU-MO,RUS,2010,12
741,2020-05-02,RU-MO,RUS,2438,15
742,2020-04-19,RU-SA,RUS,44,0
743,2020-04-20,RU-SA,RUS,46,0
744,2020-04-21,RU-SA,RUS,49,0
745,2020-04-22,RU-SA,RUS,53,0
746,2020-04-23,RU-SA,RUS,56,0
747,2020-04-24,RU-SA,RUS,59,0
748,2020-04-25,RU-SA,RUS,63,0
749,2020-04-26,RU-SA,RUS,67,0
750,2020-04-27,RU-SA,RUS,71,0
751,2020-04-28,RU-SA,RUS,76,0
752,2020-04-29,RU-SA,RUS,80,0
753,2020-04-30,RU-SA,RUS,84,0
754,2020-05-01,RU-SA,RUS,90,0
755,2020-05-02,RU-SA,RUS,95,0
756,2020-04-19,RU-SE,RUS,96,3
757,2020-04-20,RU-SE,RUS,107,3
758,2020-04-21,RU-SE,RUS,119,3
759,2020-04-22,RU-SE,RUS,131,5
760,2020-04-23,RU-SE,RUS,144,5
761,2020-04-24,RU-SE,RUS,156,6
762,2020-04-25,RU-SE,RUS,169,6
763,2020-04-26,RU-SE,RUS,183,7
764,2020-04-27,RU-SE,RUS,196,8
765,2020-04-28,RU-SE,RUS,209,9
766,2020-04-29,RU-SE,RUS,222,9
767,2020-04-30,RU-SE,RUS,235,11
768,2020-05-01,RU-SE,RUS,248,11
769,2020-05-02,RU-SE,RUS,260,11
770,2020-04-19,RU-TA,RUS,190,0
771,2020-04-20,RU-TA,RUS,216,0
772,2020-04-21,RU-TA,RUS,242,0
773,2020-04-22,RU-TA,RUS,272,0
774,2020-04-23,RU-TA,RUS,305,0
775,2020-04-24,RU-TA,RUS,342,0
776,2020-04-25,RU-TA,RUS,383,0
777,2020-04-26,RU-TA,RUS,429,0
778,2020-04-27,RU-TA,RUS,479,0
779,2020-04-28,RU-TA,RUS,533,0
780,2020-04-29,RU-TA,RUS,592,0
781,2020-04-30,RU-TA,RUS,658,0
782,2020-05-01,RU-TA,RUS,729,0
783,2020-05-02,RU-TA,RUS,806,0
784,2020-04-19,RU-TY,RUS,9,0
785,2020-04-20,RU-TY,RUS,10,0
786,2020-04-21,RU-TY,RUS,11,0
787,2020-04-22,RU-TY,RUS,13,0
788,2020-04-23,RU-TY,RUS,14,0
789,2020-04-24,RU-TY,RUS,15,0
790,2020-04-25,RU-TY,RUS,18,0
791,2020-04-26,RU-TY,RUS,20,0
792,2020-04-27,RU-TY,RUS,21,0
793,2020-04-28,RU-TY,RUS,23,0
794,2020-04-29,RU-TY,RUS,25,0
795,2020-04-30,RU-TY,RUS,28,0
796,2020-05-01,RU-TY,RUS,30,0
797,2020-05-02,RU-TY,RUS,33,0
798,2020-04-19,RU-KK,RUS,47,0
799,2020-04-20,RU-KK,RUS,56,0
800,2020-04-21,RU-KK,RUS,64,0
801,2020-04-22,RU-KK,RUS,76,0
802,2020-04-23,RU-KK,RUS,87,0
803,2020-04-24,RU-KK,RUS,102,0
804,2020-04-25,RU-KK,RUS,118,0
805,2020-04-26,RU-KK,RUS,137,0
806,2020-04-27,RU-KK,RUS,159,0
807,2020-04-28,RU-KK,RUS,184,0
808,2020-04-29,RU-KK,RUS,213,0
809,2020-04-30,RU-KK,RUS,244,0
810,2020-05-01,RU-KK,RUS,280,0
811,2020-05-02,RU-KK,RUS,322,0
812,2020-04-19,RU-CU,RUS,205,1
813,2020-04-20,RU-CU,RUS,253,1
814,2020-04-21,RU-CU,RUS,312,1
815,2020-04-22,RU-CU,RUS,385,2
816,2020-04-23,RU-CU,RUS,475,2
817,2020-04-24,RU-CU,RUS,586,3
818,2020-04-25,RU-CU,RUS,721,4
819,2020-04-26,RU-CU,RUS,890,5
820,2020-04-27,RU-CU,RUS,1097,6
821,2020-04-28,RU-CU,RUS,1351,7
822,2020-04-29,RU-CU,RUS,1659,9
823,2020-04-30,RU-CU,RUS,2040,11
824,2020-05-01,RU-CU,RUS,2505,14
825,2020-05-02,RU-CU,RUS,3074,17
826,2020-04-19,RU-ROS,RUS,262,0
827,2020-04-20,RU-ROS,RUS,327,0
828,2020-04-21,RU-ROS,RUS,410,0
829,2020-04-22,RU-ROS,RUS,509,0
830,2020-04-23,RU-ROS,RUS,632,0
831,2020-04-24,RU-ROS,RUS,787,0
832,2020-04-25,RU-ROS,RUS,981,0
833,2020-04-26,RU-ROS,RUS,1221,0
834,2020-04-27,RU-ROS,RUS,1514,0
835,2020-04-28,RU-ROS,RUS,1880,0
836,2020-04-29,RU-ROS,RUS,2334,0
837,2020-04-30,RU-ROS,RUS,2894,0
838,2020-05-01,RU-ROS,RUS,3580,0
839,2020-05-02,RU-ROS,RUS,4422,0
840,2020-04-19,RU-RYA,RUS,285,0
841,2020-04-20,RU-RYA,RUS,346,0
842,2020-04-21,RU-RYA,RUS,421,0
843,2020-04-22,RU-RYA,RUS,514,0
844,2020-04-23,RU-RYA,RUS,625,0
845,2020-04-24,RU-RYA,RUS,760,0
846,2020-04-25,RU-RYA,RUS,924,0
847,2020-04-26,RU-RYA,RUS,1124,0
848,2020-04-27,RU-RYA,RUS,1367,0
849,2020-04-28,RU-RYA,RUS,1661,0
850,2020-04-29,RU-RYA,RUS,2015,0
851,2020-04-30,RU-RYA,RUS,2443,0
852,2020-05-01,RU-RYA,RUS,2959,0
853,2020-05-02,RU-RYA,RUS,3581,0
854,2020-04-19,RU-SAM,RUS,60,0
855,2020-04-20,RU-SAM,RUS,65,0
856,2020-04-21,RU-SAM,RUS,69,0
857,2020-04-22,RU-SAM,RUS,76,0
858,2020-04-23,RU-SAM,RUS,82,0
859,2020-04-24,RU-SAM,RUS,90,0
860,2020-04-25,RU-SAM,RUS,98,0
861,2020-04-26,RU-SAM,RUS,107,0
862,2020-04-27,RU-SAM,RUS,116,0
863,2020-04-28,RU-SAM,RUS,126,0
864,2020-04-29,RU-SAM,RUS,136,0
865,2020-04-30,RU-SAM,RUS,147,0
866,2020-05-01,RU-SAM,RUS,157,0
867,2020-05-02,RU-SAM,RUS,168,0
868,2020-04-19,RU-SPE,RUS,1753,9
869,2020-04-20,RU-SPE,RUS,1984,11
870,2020-04-21,RU-SPE,RUS,2244,12
871,2020-04-22,RU-SPE,RUS,2535,14
872,2020-04-23,RU-SPE,RUS,2857,16
873,2020-04-24,RU-SPE,RUS,3211,18
874,2020-04-25,RU-SPE,RUS,3594,21
875,2020-04-26,RU-SPE,RUS,4002,24
876,2020-04-27,RU-SPE,RUS,4437,27
877,2020-04-28,RU-SPE,RUS,4898,31
878,2020-04-29,RU-SPE,RUS,5382,35
879,2020-04-30,RU-SPE,RUS,5888,40
880,2020-05-01,RU-SPE,RUS,6409,45
881,2020-05-02,RU-SPE,RUS,6939,51
882,2020-04-19,RU-SAR,RUS,109,0
883,2020-04-20,RU-SAR,RUS,124,0
884,2020-04-21,RU-SAR,RUS,134,0
885,2020-04-22,RU-SAR,RUS,149,0
886,2020-04-23,RU-SAR,RUS,166,0
887,2020-04-24,RU-SAR,RUS,180,0
888,2020-04-25,RU-SAR,RUS,198,0
889,2020-04-26,RU-SAR,RUS,217,0
890,2020-04-27,RU-SAR,RUS,234,0
891,2020-04-28,RU-SAR,RUS,254,0
892,2020-04-29,RU-SAR,RUS,274,0
893,2020-04-30,RU-SAR,RUS,294,0
894,2020-05-01,RU-SAR,RUS,318,0
895,2020-05-02,RU-SAR,RUS,340,0
896,2020-04-19,RU-SAK,RUS,20,0
897,2020-04-20,RU-SAK,RUS,21,0
898,2020-04-21,RU-SAK,RUS,23,0
899,2020-04-22,RU-SAK,RUS,24,0
900,2020-04-23,RU-SAK,RUS,26,0
901,2020-04-24,RU-SAK,RUS,28,0
902,2020-04-25,RU-SAK,RUS,30,0
903,2020-04-26,RU-SAK,RUS,32,0
904,2020-04-27,RU-SAK,RUS,34,0
905,2020-04-28,RU-SAK,RUS,38,0
906,2020-04-29,RU-SAK,RUS,40,0
907,2020-04-30,RU-SAK,RUS,43,0
908,2020-05-01,RU-SAK,RUS,46,0
909,2020-05-02,RU-SAK,RUS,49,0
910,2020-04-19,RU-SVE,RUS,142,0
911,2020-04-20,RU-SVE,RUS,151,0
912,2020-04-21,RU-SVE,RUS,159,0
913,2020-04-22,RU-SVE,RUS,166,0
914,2020-04-23,RU-SVE,RUS,171,0
915,2020-04-24,RU-SVE,RUS,175,0
916,2020-04-25,RU-SVE,RUS,181,0
917,2020-04-26,RU-SVE,RUS,185,1
918,2020-04-27,RU-SVE,RUS,189,1
919,2020-04-28,RU-SVE,RUS,193,1
920,2020-04-29,RU-SVE,RUS,198,1
921,2020-04-30,RU-SVE,RUS,201,1
922,2020-05-01,RU-SVE,RUS,205,1
923,2020-05-02,RU-SVE,RUS,208,1
924,2020-04-19,UA-40,RUS,11,0
925,2020-04-20,UA-40,RUS,11,0
926,2020-04-21,UA-40,RUS,12,0
927,2020-04-22,UA-40,RUS,12,0
928,2020-04-23,UA-40,RUS,13,0
929,2020-04-24,UA-40,RUS,13,0
930,2020-04-25,UA-40,RUS,14,0
931,2020-04-26,UA-40,RUS,14,0
932,2020-04-27,UA-40,RUS,15,0
933,2020-04-28,UA-40,RUS,16,0
934,2020-04-29,UA-40,RUS,16,0
935,2020-04-30,UA-40,RUS,18,0
936,2020-05-01,UA-40,RUS,19,0
937,2020-05-02,UA-40,RUS,20,0
938,2020-04-19,RU-SMO,RUS,191,2
939,2020-04-20,RU-SMO,RUS,242,3
940,2020-04-21,RU-SMO,RUS,307,4
941,2020-04-22,RU-SMO,RUS,389,5
942,2020-04-23,RU-SMO,RUS,492,7
943,2020-04-24,RU-SMO,RUS,624,8
944,2020-04-25,RU-SMO,RUS,790,11
945,2020-04-26,RU-SMO,RUS,999,14
946,2020-04-27,RU-SMO,RUS,1263,18
947,2020-04-28,RU-SMO,RUS,1597,22
948,2020-04-29,RU-SMO,RUS,2019,29
949,2020-04-30,RU-SMO,RUS,2548,36
950,2020-05-01,RU-SMO,RUS,3210,46
951,2020-05-02,RU-SMO,RUS,4041,58
952,2020-04-19,RU-STA,RUS,239,3
953,2020-04-20,RU-STA,RUS,278,3
954,2020-04-21,RU-STA,RUS,323,4
955,2020-04-22,RU-STA,RUS,373,5
956,2020-04-23,RU-STA,RUS,429,6
957,2020-04-24,RU-STA,RUS,492,7
958,2020-04-25,RU-STA,RUS,564,8
959,2020-04-26,RU-STA,RUS,647,9
960,2020-04-27,RU-STA,RUS,738,11
961,2020-04-28,RU-STA,RUS,839,13
962,2020-04-29,RU-STA,RUS,954,15
963,2020-04-30,RU-STA,RUS,1082,17
964,2020-05-01,RU-STA,RUS,1225,20
965,2020-05-02,RU-STA,RUS,1382,23
966,2020-04-19,RU-TAM,RUS,183,0
967,2020-04-20,RU-TAM,RUS,217,0
968,2020-04-21,RU-TAM,RUS,255,0
969,2020-04-22,RU-TAM,RUS,299,0
970,2020-04-23,RU-TAM,RUS,352,0
971,2020-04-24,RU-TAM,RUS,415,0
972,2020-04-25,RU-TAM,RUS,488,0
973,2020-04-26,RU-TAM,RUS,574,0
974,2020-04-27,RU-TAM,RUS,676,0
975,2020-04-28,RU-TAM,RUS,793,0
976,2020-04-29,RU-TAM,RUS,931,0
977,2020-04-30,RU-TAM,RUS,1093,0
978,2020-05-01,RU-TAM,RUS,1283,0
979,2020-05-02,RU-TAM,RUS,1505,0
980,2020-04-19,RU-TVE,RUS,228,0
981,2020-04-20,RU-TVE,RUS,271,0
982,2020-04-21,RU-TVE,RUS,322,0
983,2020-04-22,RU-TVE,RUS,381,0
984,2020-04-23,RU-TVE,RUS,452,0
985,2020-04-24,RU-TVE,RUS,537,0
986,2020-04-25,RU-TVE,RUS,638,0
987,2020-04-26,RU-TVE,RUS,756,0
988,2020-04-27,RU-TVE,RUS,896,0
989,2020-04-28,RU-TVE,RUS,1062,0
990,2020-04-29,RU-TVE,RUS,1258,0
991,2020-04-30,RU-TVE,RUS,1490,0
992,2020-05-01,RU-TVE,RUS,1763,0
993,2020-05-02,RU-TVE,RUS,2085,0
994,2020-04-19,RU-TOM,RUS,23,0
995,2020-04-20,RU-TOM,RUS,26,0
996,2020-04-21,RU-TOM,RUS,28,0
997,2020-04-22,RU-TOM,RUS,31,0
998,2020-04-23,RU-TOM,RUS,36,0
999,2020-04-24,RU-TOM,RUS,40,0
1000,2020-04-25,RU-TOM,RUS,44,0
1001,2020-04-26,RU-TOM,RUS,48,0
1002,2020-04-27,RU-TOM,RUS,53,0
1003,2020-04-28,RU-TOM,RUS,58,0
1004,2020-04-29,RU-TOM,RUS,63,0
1005,2020-04-30,RU-TOM,RUS,69,0
1006,2020-05-01,RU-TOM,RUS,76,0
1007,2020-05-02,RU-TOM,RUS,83,0
1008,2020-04-19,RU-TUL,RUS,265,0
1009,2020-04-20,RU-TUL,RUS,306,0
1010,2020-04-21,RU-TUL,RUS,352,0
1011,2020-04-22,RU-TUL,RUS,405,0
1012,2020-04-23,RU-TUL,RUS,468,0
1013,2020-04-24,RU-TUL,RUS,540,0
1014,2020-04-25,RU-TUL,RUS,623,0
1015,2020-04-26,RU-TUL,RUS,719,0
1016,2020-04-27,RU-TUL,RUS,829,0
1017,2020-04-28,RU-TUL,RUS,956,0
1018,2020-04-29,RU-TUL,RUS,1101,0
1019,2020-04-30,RU-TUL,RUS,1268,0
1020,2020-05-01,RU-TUL,RUS,1459,0
1021,2020-05-02,RU-TUL,RUS,1679,0
1022,2020-04-19,RU-TYU,RUS,184,1
1023,2020-04-20,RU-TYU,RUS,219,2
1024,2020-04-21,RU-TYU,RUS,260,2
1025,2020-04-22,RU-TYU,RUS,308,3
1026,2020-04-23,RU-TYU,RUS,362,3
1027,2020-04-24,RU-TYU,RUS,425,4
1028,2020-04-25,RU-TYU,RUS,498,5
1029,2020-04-26,RU-TYU,RUS,585,6
1030,2020-04-27,RU-TYU,RUS,690,7
1031,2020-04-28,RU-TYU,RUS,815,8
1032,2020-04-29,RU-TYU,RUS,960,10
1033,2020-04-30,RU-TYU,RUS,1127,12
1034,2020-05-01,RU-TYU,RUS,1322,14
1035,2020-05-02,RU-TYU,RUS,1550,17
1036,2020-04-19,RU-UD,RUS,61,1
1037,2020-04-20,RU-UD,RUS,69,2
1038,2020-04-21,RU-UD,RUS,80,2
1039,2020-04-22,RU-UD,RUS,93,2
1040,2020-04-23,RU-UD,RUS,107,3
1041,2020-04-24,RU-UD,RUS,122,3
1042,2020-04-25,RU-UD,RUS,139,4
1043,2020-04-26,RU-UD,RUS,160,4
1044,2020-04-27,RU-UD,RUS,183,5
1045,2020-04-28,RU-UD,RUS,209,6
1046,2020-04-29,RU-UD,RUS,239,7
1047,2020-04-30,RU-UD,RUS,274,8
1048,2020-05-01,RU-UD,RUS,313,9
1049,2020-05-02,RU-UD,RUS,358,11
1050,2020-04-19,RU-ULY,RUS,210,1
1051,2020-04-20,RU-ULY,RUS,260,2
1052,2020-04-21,RU-ULY,RUS,322,2
1053,2020-04-22,RU-ULY,RUS,397,3
1054,2020-04-23,RU-ULY,RUS,490,4
1055,2020-04-24,RU-ULY,RUS,607,4
1056,2020-04-25,RU-ULY,RUS,751,6
1057,2020-04-26,RU-ULY,RUS,927,7
1058,2020-04-27,RU-ULY,RUS,1143,9
1059,2020-04-28,RU-ULY,RUS,1408,11
1060,2020-04-29,RU-ULY,RUS,1737,14
1061,2020-04-30,RU-ULY,RUS,2141,17
1062,2020-05-01,RU-ULY,RUS,2635,21
1063,2020-05-02,RU-ULY,RUS,3235,27
1064,2020-04-19,RU-KHA,RUS,144,4
1065,2020-04-20,RU-KHA,RUS,166,5
1066,2020-04-21,RU-KHA,RUS,192,6
1067,2020-04-22,RU-KHA,RUS,222,6
1068,2020-04-23,RU-KHA,RUS,256,7
1069,2020-04-24,RU-KHA,RUS,295,9
1070,2020-04-25,RU-KHA,RUS,340,11
1071,2020-04-26,RU-KHA,RUS,391,12
1072,2020-04-27,RU-KHA,RUS,450,14
1073,2020-04-28,RU-KHA,RUS,519,16
1074,2020-04-29,RU-KHA,RUS,597,19
1075,2020-04-30,RU-KHA,RUS,686,22
1076,2020-05-01,RU-KHA,RUS,789,26
1077,2020-05-02,RU-KHA,RUS,906,30
1078,2020-04-19,RU-KHM,RUS,179,0
1079,2020-04-20,RU-KHM,RUS,209,0
1080,2020-04-21,RU-KHM,RUS,244,0
1081,2020-04-22,RU-KHM,RUS,285,0
1082,2020-04-23,RU-KHM,RUS,329,0
1083,2020-04-24,RU-KHM,RUS,380,0
1084,2020-04-25,RU-KHM,RUS,438,0
1085,2020-04-26,RU-KHM,RUS,505,0
1086,2020-04-27,RU-KHM,RUS,579,0
1087,2020-04-28,RU-KHM,RUS,663,0
1088,2020-04-29,RU-KHM,RUS,755,0
1089,2020-04-30,RU-KHM,RUS,859,0
1090,2020-05-01,RU-KHM,RUS,976,0
1091,2020-05-02,RU-KHM,RUS,1105,0
1092,2020-04-19,RU-CHE,RUS,81,0
1093,2020-04-20,RU-CHE,RUS,92,0
1094,2020-04-21,RU-CHE,RUS,100,0
1095,2020-04-22,RU-CHE,RUS,111,0
1096,2020-04-23,RU-CHE,RUS,121,0
1097,2020-04-24,RU-CHE,RUS,135,0
1098,2020-04-25,RU-CHE,RUS,151,0
1099,2020-04-26,RU-CHE,RUS,167,0
1100,2020-04-27,RU-CHE,RUS,183,0
1101,2020-04-28,RU-CHE,RUS,199,0
1102,2020-04-29,RU-CHE,RUS,217,0
1103,2020-04-30,RU-CHE,RUS,237,0
1104,2020-05-01,RU-CHE,RUS,259,0
1105,2020-05-02,RU-CHE,RUS,281,0
1106,2020-04-19,RU-CE,RUS,195,8
1107,2020-04-20,RU-CE,RUS,235,9
1108,2020-04-21,RU-CE,RUS,280,12
1109,2020-04-22,RU-CE,RUS,334,15
1110,2020-04-23,RU-CE,RUS,397,18
1111,2020-04-24,RU-CE,RUS,471,21
1112,2020-04-25,RU-CE,RUS,556,26
1113,2020-04-26,RU-CE,RUS,654,32
1114,2020-04-27,RU-CE,RUS,767,38
1115,2020-04-28,RU-CE,RUS,896,45
1116,2020-04-29,RU-CE,RUS,1044,53
1117,2020-04-30,RU-CE,RUS,1210,64
1118,2020-05-01,RU-CE,RUS,1399,76
1119,2020-05-02,RU-CE,RUS,1611,89
1120,2020-04-19,RU-YAN,RUS,104,1
1121,2020-04-20,RU-YAN,RUS,107,1
1122,2020-04-21,RU-YAN,RUS,108,1
1123,2020-04-22,RU-YAN,RUS,109,1
1124,2020-04-23,RU-YAN,RUS,110,2
1125,2020-04-24,RU-YAN,RUS,110,1
1126,2020-04-25,RU-YAN,RUS,111,0
1127,2020-04-26,RU-YAN,RUS,111,1
1128,2020-04-27,RU-YAN,RUS,111,1
1129,2020-04-28,RU-YAN,RUS,111,1
1130,2020-04-29,RU-YAN,RUS,111,1
1131,2020-04-30,RU-YAN,RUS,112,1
1132,2020-05-01,RU-YAN,RUS,112,1
1133,2020-05-02,RU-YAN,RUS,112,1
1134,2020-04-19,RU-YAR,RUS,110,0
1135,2020-04-20,RU-YAR,RUS,131,0
1136,2020-04-21,RU-YAR,RUS,157,0
1137,2020-04-22,RU-YAR,RUS,190,0
1138,2020-04-23,RU-YAR,RUS,231,0
1139,2020-04-24,RU-YAR,RUS,278,0
1140,2020-04-25,RU-YAR,RUS,334,0
1141,2020-04-26,RU-YAR,RUS,402,0
1142,2020-04-27,RU-YAR,RUS,483,0
1143,2020-04-28,RU-YAR,RUS,581,0
1144,2020-04-29,RU-YAR,RUS,700,0
1145,2020-04-30,RU-YAR,RUS,841,0
1146,2020-05-01,RU-YAR,RUS,1009,0
1147,2020-05-02,RU-YAR,RUS,1208,0
